{"parameters":{"count":30,"ids":["ParamAngleX","Param3","Param2","ParamAngleY","ParamAngleZ","ParamEyeLOpen","Param","ParamEyeLSmile","ParamEyeROpen","ParamEyeRSmile","ParamEyeBallX","ParamEyeBallY","ParamBrowLY","ParamBrowRY","ParamBrowLX","ParamBrowRX","ParamBrowLAngle","ParamBrowRAngle","ParamBrowLForm","ParamBrowRForm","ParamMouthForm","ParamMouthOpenY","ParamCheek","ParamBodyAngleX","ParamBodyAngleY","ParamBodyAngleZ","ParamBreath","ParamHairFront","ParamHairSide","ParamHairBack"],"minimumValues":{"0":-30,"1":-30,"2":-30,"3":-30,"4":-30,"5":0,"6":-30,"7":0,"8":0,"9":0,"10":-1,"11":-1,"12":-1,"13":-1,"14":-1,"15":-1,"16":-1,"17":-1,"18":-1,"19":-1,"20":-1,"21":0,"22":0,"23":-10,"24":-10,"25":-10,"26":0,"27":-1,"28":-1,"29":-1},"maximumValues":{"0":30,"1":30,"2":30,"3":30,"4":30,"5":1,"6":30,"7":1,"8":1,"9":1,"10":1,"11":1,"12":1,"13":1,"14":1,"15":1,"16":1,"17":1,"18":1,"19":1,"20":1,"21":1,"22":1,"23":10,"24":10,"25":10,"26":1,"27":1,"28":1,"29":1},"defaultValues":{"0":0,"1":0,"2":0,"3":0,"4":0,"5":1,"6":0,"7":0,"8":1,"9":0,"10":0,"11":0,"12":0,"13":0,"14":0,"15":0,"16":0,"17":0,"18":0,"19":0,"20":0,"21":0,"22":0,"23":0,"24":0,"25":0,"26":0,"27":0,"28":0,"29":0},"values":{"0":0,"1":0,"2":0,"3":0,"4":0,"5":1,"6":0,"7":0,"8":1,"9":0,"10":0,"11":0,"12":0,"13":0,"14":0,"15":0,"16":0,"17":0,"18":0,"19":0,"20":0,"21":0,"22":0,"23":0,"24":0,"25":0,"26":0,"27":0,"28":0,"29":0}},"parts":{"count":1,"ids":["Part"],"opacities":{"0":1}},"drawables":{"count":3,"ids":["ArtMesh3","ArtMesh2","ArtMesh"],"constantFlags":{"0":4,"1":4,"2":4},"dynamicFlags":{"0":127,"1":127,"2":127},"textureIndices":{"0":0,"1":0,"2":0},"drawOrders":{"0":500,"1":500,"2":500},"renderOrders":{"0":0,"1":1,"2":2},"opacities":{"0":1,"1":1,"2":1},"maskCounts":{"0":0,"1":0,"2":0},"masks":[{},{},{}],"vertexCounts":{"0":77,"1":66,"2":4},"vertexPositions":[{"0":-0.51318359375,"1":0.293212890625,"2":-0.34423828125,"3":0.293212890625,"4":-0.17529296875,"5":0.293212890625,"6":-0.00649261474609375,"7":0.293212890625,"8":0.1666259765625,"9":0.293212890625,"10":0.33544921875,"11":0.293212890625,"12":0.50439453125,"13":0.293212890625,"14":0.5390625,"15":0.252685546875,"16":0.5302734375,"17":0.20849609375,"18":0.521484375,"19":0.164306640625,"20":0.49560546875,"21":0.0285491943359375,"22":0.4697265625,"23":-0.10382080078125,"24":0.443603515625,"25":-0.2362060546875,"26":0.417724609375,"27":-0.3720703125,"28":0.391845703125,"29":-0.50439453125,"30":0.348388671875,"31":-0.5419921875,"32":0.292236328125,"33":-0.5419921875,"34":0.2359619140625,"35":-0.5419921875,"36":0.06707763671875,"37":-0.5419921875,"38":-0.1060791015625,"39":-0.5419921875,"40":-0.162353515625,"41":-0.5419921875,"42":-0.2186279296875,"43":-0.5419921875,"44":-0.26611328125,"45":-0.5078125,"46":-0.313720703125,"47":-0.37548828125,"48":-0.361572265625,"49":-0.2430419921875,"50":-0.4091796875,"51":-0.10723876953125,"52":-0.456787109375,"53":0.025146484375,"54":-0.50439453125,"55":0.1575927734375,"56":-0.521484375,"57":0.20166015625,"58":-0.5390625,"59":0.2491455078125,"60":-0.428466796875,"61":0.2491455078125,"62":-0.259765625,"63":0.2491455078125,"64":-0.09088134765625,"65":0.2491455078125,"66":0.080078125,"67":0.2491455078125,"68":0.2509765625,"69":0.2491455078125,"70":0.419921875,"71":0.2491455078125,"72":0.48779296875,"73":0.253662109375,"74":0.46435546875,"75":0.19091796875,"76":0.447021484375,"77":0.10101318359375,"78":0.4228515625,"79":-0.028045654296875,"80":0.39501953125,"81":-0.16552734375,"82":0.369140625,"83":-0.299560546875,"84":0.344970703125,"85":-0.4287109375,"86":0.33837890625,"87":-0.498291015625,"88":0.26416015625,"89":-0.495849609375,"90":0.1514892578125,"91":-0.495849609375,"92":-0.0194854736328125,"93":-0.495849609375,"94":-0.1341552734375,"95":-0.495849609375,"96":-0.1904296875,"97":-0.495849609375,"98":-0.2315673828125,"99":-0.441650390625,"100":-0.28369140625,"101":-0.30078125,"102":-0.32568359375,"103":-0.1712646484375,"104":-0.37744140625,"105":-0.02655029296875,"106":-0.42529296875,"107":0.09521484375,"108":-0.452392578125,"109":0.1795654296875,"110":-0.4697265625,"111":0.2254638671875,"112":-0.49560546875,"113":0.255859375,"114":-0.259765625,"115":0.126708984375,"116":-0.0523681640625,"117":0.1287841796875,"118":0.10150146484375,"119":0.1163330078125,"120":0.283203125,"121":0.153076171875,"122":-0.160888671875,"123":0.0113525390625,"124":0.0158233642578125,"125":0.0200042724609375,"126":0.1807861328125,"127":0.0306396484375,"128":0.320068359375,"129":0.038421630859375,"130":-0.22021484375,"131":-0.09326171875,"132":-0.07135009765625,"133":-0.08758544921875,"134":0.0972900390625,"135":-0.07952880859375,"136":0.266845703125,"137":-0.0645751953125,"138":-0.165771484375,"139":-0.192138671875,"140":0.005748748779296875,"141":-0.1920166015625,"142":0.1856689453125,"143":-0.1834716796875,"144":-0.099365234375,"145":-0.30810546875,"146":0.08795166015625,"147":-0.301513671875,"148":0.260986328125,"149":-0.297607421875,"150":-0.008819580078125,"151":-0.4208984375,"152":0.1834716796875,"153":-0.40673828125},{"0":-0.43212890625,"1":0.293212890625,"2":-0.267578125,"3":0.293212890625,"4":-0.10302734375,"5":0.293212890625,"6":0.06146240234375,"7":0.293212890625,"8":0.2259521484375,"9":0.293212890625,"10":0.390380859375,"11":0.293212890625,"12":0.47265625,"13":0.2763671875,"14":0.47265625,"15":0.2119140625,"16":0.44677734375,"17":0.08282470703125,"18":0.425048828125,"19":-0.046142578125,"20":0.399169921875,"21":-0.1751708984375,"22":0.373046875,"23":-0.30419921875,"24":0.34716796875,"25":-0.4365234375,"26":0.338623046875,"27":-0.477294921875,"28":0.325439453125,"29":-0.521484375,"30":0.269287109375,"31":-0.5419921875,"32":0.104736328125,"33":-0.5419921875,"34":-0.05975341796875,"35":-0.5419921875,"36":-0.1419677734375,"37":-0.5419921875,"38":-0.1939697265625,"39":-0.484130859375,"40":-0.2415771484375,"41":-0.35498046875,"42":-0.284912109375,"43":-0.22607421875,"44":-0.33251953125,"45":-0.0970458984375,"46":-0.380126953125,"47":0.03192138671875,"48":-0.427734375,"49":0.160888671875,"50":-0.440673828125,"51":0.205078125,"52":-0.4580078125,"53":0.2491455078125,"54":-0.349853515625,"55":0.2491455078125,"56":-0.185302734375,"57":0.2491455078125,"58":-0.020782470703125,"59":0.2491455078125,"60":0.1436767578125,"61":0.2491455078125,"62":0.30810546875,"63":0.2491455078125,"64":0.42822265625,"65":0.25146484375,"66":0.39697265625,"67":0.1473388671875,"68":0.375244140625,"69":0.0183563232421875,"70":0.3505859375,"71":-0.1060791015625,"72":0.323486328125,"73":-0.2396240234375,"74":0.29736328125,"75":-0.370361328125,"76":0.280029296875,"77":-0.45703125,"78":0.2734375,"79":-0.494384765625,"80":0.18701171875,"81":-0.495849609375,"82":0.0225067138671875,"83":-0.495849609375,"84":-0.10089111328125,"85":-0.495849609375,"86":-0.1593017578125,"87":-0.419677734375,"88":-0.20263671875,"89":-0.29052734375,"90":-0.2490234375,"91":-0.15771484375,"92":-0.2978515625,"93":-0.024169921875,"94":-0.345458984375,"95":0.096435546875,"96":-0.380126953125,"97":0.19140625,"98":-0.388671875,"99":0.2271728515625,"100":-0.414794921875,"101":0.255859375,"102":-0.1834716796875,"103":0.13037109375,"104":0.027130126953125,"105":0.134521484375,"106":0.206787109375,"107":0.137939453125,"108":-0.0821533203125,"109":0.016143798828125,"110":0.09869384765625,"111":0.024322509765625,"112":0.26611328125,"113":0.0230560302734375,"114":-0.1424560546875,"115":-0.0859375,"116":0.005184173583984375,"117":-0.08221435546875,"118":0.1690673828125,"119":-0.08355712890625,"120":-0.08807373046875,"121":-0.181884765625,"122":0.0760498046875,"123":-0.1824951171875,"124":0.2174072265625,"125":-0.1778564453125,"126":-0.01568603515625,"127":-0.292236328125,"128":0.1683349609375,"129":-0.27734375,"130":0.1114501953125,"131":-0.401123046875},{"0":0.200927734375,"1":-0.03948974609375,"2":-0.10992431640625,"3":-0.03948974609375,"4":0.200927734375,"5":-0.06512451171875,"6":-0.10992431640625,"7":-0.06512451171875}],"vertexUvs":[{"0":0.0213775634765625,"1":0.99072265625,"2":0.0986328125,